date,OUT_PLANNED_GWH_D,OUT_UNPLANNED_GWH_D,OUT_N_EVENTS
2020-06-01,157.0,0.0,5
2020-06-02,157.0,0.0,5
2020-06-03,157.0,0.0,5
2020-06-04,157.0,0.0,5
2020-06-05,157.0,198.9,10
2020-06-06,157.0,198.9,10
2020-06-07,157.0,198.9,10
2020-06-08,199.4,259.9,12
2020-06-09,152.4,259.9,11
2020-06-10,152.4,259.9,11
2020-06-11,152.4,259.9,11
2020-06-12,152.4,259.9,11
2020-06-13,110.0,198.9,9
2020-06-14,110.0,198.9,9
2020-06-15,348.0,198.9,11
2020-06-16,678.1,198.9,13
2020-06-17,678.1,198.9,13
2020-06-18,471.1,199.0,14
2020-06-19,471.1,198.9,12
2020-06-20,471.1,198.9,12
2020-06-21,373.1,198.9,11
2020-06-22,1141.7,198.9,18
2020-06-23,879.7,425.5,17
2020-06-24,879.7,425.5,17
2020-06-25,756.6,425.5,16
2020-06-26,756.6,198.9,15
2020-06-27,580.9,198.9,12
2020-06-28,580.9,198.9,12
2020-06-29,855.9,176.9,13
2020-06-30,1146.3,176.9,15
2020-07-01,638.0,367.9,13
2020-07-02,638.0,176.9,11
2020-07-03,638.0,176.9,11
2020-07-04,223.0,176.9,8
2020-07-05,223.0,176.9,8
2020-07-06,425.2,220.1,12
2020-07-07,425.2,220.1,12
2020-07-08,425.2,220.1,12
2020-07-09,425.2,220.1,12
2020-07-10,482.2,220.1,13
2020-07-11,358.0,220.1,12
2020-07-12,358.0,220.1,12
2020-07-13,584.6,220.1,13
2020-07-14,584.6,176.9,12
2020-07-15,584.6,176.9,12
2020-07-16,218.0,176.9,10
2020-07-17,218.0,176.9,10
2020-07-18,218.0,176.9,10
2020-07-19,218.0,176.9,10
2020-07-20,377.0,176.9,11
2020-07-21,377.0,176.9,11
2020-07-22,377.0,176.9,11
2020-07-23,377.0,176.9,11
2020-07-24,377.0,177.0,12
2020-07-25,377.0,176.9,11
2020-07-26,377.0,176.9,11
2020-07-27,377.0,176.9,11
2020-07-28,377.0,176.9,10
2020-07-29,377.0,176.9,10
2020-07-30,377.0,176.9,10
2020-07-31,377.0,176.9,10
2020-08-01,377.0,176.9,10
2020-08-02,377.0,176.9,10
2020-08-03,463.0,176.9,11
2020-08-04,463.0,176.9,11
2020-08-05,463.0,177.5,12
2020-08-06,463.0,176.9,11
2020-08-07,463.0,176.9,11
2020-08-08,463.0,176.9,11
2020-08-09,463.0,176.9,16
2020-08-10,680.0,176.9,12
2020-08-11,541.0,176.9,12
2020-08-12,541.0,176.9,12
2020-08-13,521.0,176.9,11
2020-08-14,521.0,176.9,11
2020-08-15,521.0,176.9,11
2020-08-16,540.0,176.9,12
2020-08-17,766.6,176.9,13
2020-08-18,747.6,423.1,16
2020-08-19,747.6,423.1,16
2020-08-20,747.6,423.1,16
2020-08-21,747.6,373.9,14
2020-08-22,747.6,373.9,14
2020-08-23,747.6,373.9,14
2020-08-24,747.6,373.9,14
2020-08-25,747.6,373.9,14
2020-08-26,747.6,373.9,14
2020-08-27,747.6,373.9,14
2020-08-28,747.6,373.9,14
2020-08-29,669.6,373.9,12
2020-08-30,669.6,375.7,15
2020-08-31,1011.0,373.9,16
2020-09-01,1350.6,373.9,14
2020-09-02,1011.6,373.9,13
2020-09-03,1615.6,467.9,16
2020-09-04,1011.6,467.9,14
2020-09-05,226.0,467.9,11
2020-09-06,226.0,467.9,11
2020-09-07,226.0,467.9,11
2020-09-08,226.0,467.9,11
2020-09-09,226.0,373.9,10
2020-09-10,226.0,154.9,7
2020-09-11,226.0,154.9,7
2020-09-12,226.0,154.9,7
2020-09-13,226.0,154.9,7
2020-09-14,539.2,154.9,9
2020-09-15,690.5,154.9,11
2020-09-16,681.4,154.9,10
2020-09-17,681.4,154.9,10
2020-09-18,681.4,154.9,10
2020-09-19,287.4,154.9,8
2020-09-20,287.4,154.9,8
2020-09-21,451.4,154.9,11
2020-09-22,287.4,154.9,8
2020-09-23,1037.1,154.9,12
2020-09-24,356.09999999999997,154.9,9
2020-09-25,292.59999999999997,154.9,9
2020-09-26,276.4,154.9,7
2020-09-27,276.4,154.9,7
2020-09-28,391.4,154.9,8
2020-09-29,391.4,154.9,8
2020-09-30,391.4,154.9,8
2020-10-01,244.0,154.9,6
2020-10-02,384.0,154.9,7
2020-10-03,384.0,154.9,7
2020-10-04,1216.5,154.9,9
2020-10-05,1216.5,154.9,9
2020-10-06,1216.5,154.9,9
2020-10-07,1216.5,154.9,9
2020-10-08,1216.5,154.9,9
2020-10-09,1216.5,154.9,9
2020-10-10,1216.5,154.9,9
2020-10-11,253.5,35.9,6
2020-10-12,253.5,0.0,4
2020-10-13,253.5,0.0,4
2020-10-14,253.5,0.0,4
2020-10-15,253.5,0.0,4
2020-10-16,187.0,0.0,2
2020-10-17,187.0,0.0,2
2020-10-18,187.0,0.0,2
2020-10-19,419.0,416.0,5
2020-10-20,419.0,416.0,5
2020-10-21,419.0,0.0,3
2020-10-22,187.0,0.0,2
2020-10-23,187.0,0.7999999999999999,10
2020-10-24,187.0,0.8999999999999999,7
2020-10-25,187.0,0.0,2
2020-10-26,662.2,0.0,7
2020-10-27,392.59999999999997,0.0,7
2020-10-28,392.59999999999997,0.0,7
2020-10-29,315.59999999999997,0.0,6
2020-10-30,299.2,0.0,5
2020-10-31,299.2,0.0,5
2020-11-01,299.2,0.0,5
2020-11-02,1198.2,0.0,9
2020-11-03,1198.2,0.1,12
2020-11-04,1544.9,0.0,11
2020-11-05,1704.0,0.0,11
2020-11-06,1688.0,0.0,10
2020-11-07,1659.0000000000002,0.0,9
2020-11-08,805.0000000000001,0.0,7
2020-11-09,1037.0,0.0,8
2020-11-10,1441.4,309.2,14
2020-11-11,1184.4,82.6,11
2020-11-12,1310.7,0.0,10
2020-11-13,392.3,0.0,5
2020-11-14,269.1,0.0,3
2020-11-15,269.1,0.0,3
2020-11-16,269.1,0.0,3
2020-11-17,269.1,0.0,3
2020-11-18,332.1,0.0,3
2020-11-19,332.1,0.0,3
2020-11-20,265.1,0.0,3
2020-11-21,231.1,0.0,2
2020-11-22,231.1,0.0,2
2020-11-23,471.5,0.0,5
2020-11-24,366.4,47.2,4
2020-11-25,400.4,47.2,5
2020-11-26,400.4,47.2,11
2020-11-27,244.4,47.2,3
2020-11-28,244.4,0.0,2
2020-11-29,244.4,0.0,2
2020-11-30,244.4,0.0,2
2020-12-01,244.4,0.0,2
2020-12-02,244.4,0.0,2
2020-12-03,244.4,0.6,3
2020-12-04,244.4,0.0,2
2020-12-05,244.4,0.0,2
2020-12-06,244.4,0.0,2
2020-12-07,244.4,0.0,2
2020-12-08,244.4,0.0,3
2020-12-09,244.4,0.0,2
2020-12-10,244.4,0.0,2
2020-12-11,244.4,0.0,2
2020-12-12,244.4,0.0,2
2020-12-13,244.4,0.0,2
2020-12-14,244.4,0.0,2
2020-12-15,244.4,0.0,3
2020-12-16,244.4,0.0,3
2020-12-17,244.4,0.0,3
2020-12-18,244.4,0.0,3
2020-12-19,244.4,0.0,3
2020-12-20,244.4,0.0,3
2020-12-21,244.4,0.0,3
2020-12-22,244.4,0.0,4
2020-12-23,72.0,0.0,2
2020-12-24,72.0,0.0,2
2020-12-25,72.0,0.0,2
2020-12-26,72.0,0.0,2
2020-12-27,72.0,0.0,2
2020-12-28,72.0,0.0,2
2020-12-29,72.0,11.0,3
2020-12-30,72.0,11.0,3
2020-12-31,72.0,11.0,3
2021-01-01,112.5,11.0,4
2021-01-02,112.5,11.0,4
2021-01-03,112.5,11.0,4
2021-01-04,527.8,11.0,8
2021-01-05,527.8,11.0,8
2021-01-06,527.8,11.0,8
2021-01-07,527.8,11.0,8
2021-01-08,527.8,11.0,8
2021-01-09,527.8,11.0,8
2021-01-10,527.8,11.0,8
2021-01-11,527.8,11.0,8
2021-01-12,527.8,11.0,8
2021-01-13,527.8,11.0,8
2021-01-14,527.8,11.0,8
2021-01-15,527.8,11.0,8
2021-01-16,527.8,0.0,7
2021-01-17,527.8,0.0,7
2021-01-18,533.2,0.0,8
2021-01-19,533.2,0.0,8
2021-01-20,533.2,0.0,8
2021-01-21,533.2,0.0,8
2021-01-22,533.2,0.0,8
2021-01-23,533.2,0.0,8
2021-01-24,533.2,0.0,8
2021-01-25,533.2,0.0,8
2021-01-26,533.2,0.0,8
2021-01-27,533.2,0.0,8
2021-01-28,533.2,6.0,9
2021-01-29,533.2,6.0,9
2021-01-30,533.2,0.0,8
2021-01-31,527.8,257.2,9
2021-02-01,527.8,257.2,9
2021-02-02,527.8,385.79999999999995,11
2021-02-03,527.8,0.0,7
2021-02-04,527.8,0.0,7
2021-02-05,395.8,0.0,5
2021-02-06,383.5,0.0,4
2021-02-07,383.5,0.0,4
2021-02-08,454.2,0.0,7
2021-02-09,454.2,0.0,6
2021-02-10,700.8000000000001,0.0,6
2021-02-11,700.8000000000001,0.0,6
2021-02-12,700.8000000000001,0.0,6
2021-02-13,700.8000000000001,0.0,6
2021-02-14,630.1,0.0,5
2021-02-15,630.1,0.0,5
2021-02-16,646.1,0.0,6
2021-02-17,646.1,0.0,6
2021-02-18,646.1,0.0,6
2021-02-19,399.5,0.0,5
2021-02-20,399.5,0.0,5
2021-02-21,399.5,0.0,5
2021-02-22,128.5,0.0,4
2021-02-23,128.5,0.0,4
2021-02-24,128.5,0.0,4
2021-02-25,128.5,0.0,4
2021-02-26,128.5,0.0,4
2021-02-27,128.5,0.0,4
2021-02-28,128.5,0.0,4
2021-03-01,196.5,0.0,6
2021-03-02,196.5,0.0,6
2021-03-03,214.5,0.0,6
2021-03-04,214.5,0.0,6
2021-03-05,158.5,0.0,5
2021-03-06,158.5,0.0,5
2021-03-07,158.5,0.0,5
2021-03-08,158.5,0.0,5
2021-03-09,158.5,0.0,5
2021-03-10,158.5,0.0,5
2021-03-11,158.5,0.0,4
2021-03-12,158.5,0.0,4
2021-03-13,158.5,0.0,4
2021-03-14,158.5,0.0,4
2021-03-15,158.5,0.0,4
2021-03-16,158.5,0.0,4
2021-03-17,158.5,0.1,5
2021-03-18,289.5,0.0,5
2021-03-19,158.5,0.0,4
2021-03-20,158.5,0.0,4
2021-03-21,158.5,0.0,4
2021-03-22,298.9,0.0,6
2021-03-23,298.9,0.0,6
2021-03-24,298.9,0.0,6
2021-03-25,298.9,0.1,7
2021-03-26,298.9,0.0,6
2021-03-27,263.5,0.0,5
2021-03-28,263.5,0.0,5
2021-03-29,263.5,0.0,5
2021-03-30,263.5,208.0,7
2021-03-31,263.5,217.6,8
2021-04-01,338.3,217.6,11
2021-04-02,195.8,217.6,8
2021-04-03,195.8,217.6,8
2021-04-04,195.8,217.6,8
2021-04-05,195.8,217.6,8
2021-04-06,195.8,217.6,8
2021-04-07,333.1,316.0,15
2021-04-08,195.8,316.0,14
2021-04-09,195.8,316.0,14
2021-04-10,195.8,316.0,14
2021-04-11,195.8,316.0,14
2021-04-12,513.5,316.0,16
2021-04-13,798.9,248.0,17
2021-04-14,983.1,248.0,19
2021-04-15,1358.1999999999998,248.0,18
2021-04-16,603.8,248.0,15
2021-04-17,330.6,248.0,13
2021-04-18,330.6,248.0,13
2021-04-19,1273.1,248.0,21
2021-04-20,1447.6999999999998,248.0,22
2021-04-21,1447.6999999999998,248.0,22
2021-04-22,1243.7,248.0,19
2021-04-23,705.1,248.0,16
2021-04-24,314.6,215.20000000000002,10
2021-04-25,314.6,215.20000000000002,10
2021-04-26,895.2,305.20000000000005,18
2021-04-27,801.6,305.20000000000005,18
2021-04-28,801.6,327.20000000000005,18
2021-04-29,706.6,491.4,19
2021-04-30,706.6,409.40000000000003,17
2021-05-01,230.9,245.20000000000002,12
2021-05-02,230.9,245.20000000000002,12
2021-05-03,615.2,245.20000000000002,18
2021-05-04,615.2,245.20000000000002,18
2021-05-05,615.2,245.20000000000002,18
2021-05-06,615.2,245.20000000000002,18
2021-05-07,615.2,245.20000000000002,18
2021-05-08,467.79999999999995,245.20000000000002,16
2021-05-09,467.79999999999995,245.20000000000002,16
2021-05-10,467.79999999999995,245.20000000000002,16
2021-05-11,467.79999999999995,245.20000000000002,16
2021-05-12,467.79999999999995,245.20000000000002,16
2021-05-13,467.79999999999995,245.20000000000002,16
2021-05-14,467.79999999999995,334.20000000000005,17
2021-05-15,467.79999999999995,334.20000000000005,17
2021-05-16,467.79999999999995,334.20000000000005,17
2021-05-17,557.8,334.20000000000005,17
2021-05-18,557.8,334.20000000000005,19
2021-05-19,842.8,245.20000000000002,19
2021-05-20,1423.2,245.20000000000002,22
2021-05-21,557.8,245.20000000000002,18
2021-05-22,371.9,245.20000000000002,15
2021-05-23,230.8,245.20000000000002,14
2021-05-24,332.0,245.20000000000002,16
2021-05-25,332.0,245.3,17
2021-05-26,332.0,286.6,17
2021-05-27,332.0,286.6,17
2021-05-28,671.0,286.6,18
2021-05-29,671.0,286.6,18
2021-05-30,671.0,286.6,18
2021-05-31,671.0,286.6,18
2021-06-01,671.0,270.20000000000005,17
2021-06-02,671.0,228.8,16
2021-06-03,671.0,228.8,16
2021-06-04,671.0,228.8,16
2021-06-05,671.0,228.8,16
2021-06-06,671.0,228.8,16
2021-06-07,853.2,228.8,18
2021-06-08,879.2,228.8,20
2021-06-09,870.7,228.8,19
2021-06-10,748.2,198.8,16
2021-06-11,748.2,198.8,16
2021-06-12,409.2,198.8,15
2021-06-13,366.8,198.8,14
2021-06-14,698.1,198.8,16
2021-06-15,698.1,198.8,16
2021-06-16,698.1,198.8,16
2021-06-17,698.1,198.8,16
2021-06-18,698.1,198.8,16
2021-06-19,558.3,198.8,15
2021-06-20,558.3,198.8,15
2021-06-21,933.5,198.8,20
2021-06-22,933.5,198.8,20
2021-06-23,734.7,198.8,21
2021-06-24,656.7,198.8,19
2021-06-25,524.1999999999999,182.4,15
2021-06-26,524.1999999999999,267.1,16
2021-06-27,490.09999999999997,182.4,14
2021-06-28,568.5,182.4,15
2021-06-29,568.5,182.4,15
2021-06-30,445.40000000000003,182.4,14
2021-07-01,445.40000000000003,166.0,13
2021-07-02,550.4,0.0,11
2021-07-03,370.8,0.0,8
2021-07-04,370.8,0.0,8
2021-07-05,1146.3,0.0,13
2021-07-06,1193.5,0.0,14
2021-07-07,966.8999999999999,0.0,13
2021-07-08,966.8999999999999,0.0,13
2021-07-09,966.8999999999999,0.0,13
2021-07-10,826.8999999999999,0.0,12
2021-07-11,702.6999999999999,0.0,11
2021-07-12,740.6999999999999,0.0,13
2021-07-13,740.6999999999999,0.0,13
2021-07-14,555.0,0.0,10
2021-07-15,555.0,0.0,11
2021-07-16,555.0,0.0,10
2021-07-17,388.0,0.0,9
2021-07-18,388.0,0.0,9
2021-07-19,528.0,0.0,10
2021-07-20,528.0,0.0,10
2021-07-21,528.0,0.0,10
2021-07-22,528.0,0.0,10
2021-07-23,528.0,0.0,10
2021-07-24,528.0,0.0,10
2021-07-25,528.0,1.2,12
2021-07-26,528.0,0.0,10
2021-07-27,528.0,0.0,10
2021-07-28,528.0,0.0,12
2021-07-29,625.0,0.0,12
2021-07-30,528.0,0.0,10
2021-07-31,388.0,0.0,8
2021-08-01,388.0,0.0,8
2021-08-02,388.0,0.0,8
2021-08-03,388.0,0.0,8
2021-08-04,388.0,24.6,9
2021-08-05,388.0,24.6,9
2021-08-06,388.0,0.0,8
2021-08-07,388.0,0.0,8
2021-08-08,388.0,0.0,8
2021-08-09,388.0,0.0,8
2021-08-10,388.0,0.0,8
2021-08-11,388.0,0.0,8
2021-08-12,388.0,0.0,8
2021-08-13,388.0,0.0,8
2021-08-14,388.0,0.0,8
2021-08-15,388.0,0.0,8
2021-08-16,720.9999999999999,0.0,10
2021-08-17,673.8000000000001,0.2,10
2021-08-18,958.8,0.0,11
2021-08-19,958.8,0.0,14
2021-08-20,673.8000000000001,3.7,10
2021-08-21,673.8000000000001,0.0,9
2021-08-22,673.8000000000001,0.0,9
2021-08-23,701.8,0.0,10
2021-08-24,701.8,0.0,10
2021-08-25,713.8,0.0,11
2021-08-26,673.8000000000001,0.0,9
2021-08-27,673.8000000000001,0.0,9
2021-08-28,567.4000000000001,0.0,8
2021-08-29,567.4000000000001,0.0,8
2021-08-30,1446.6000000000001,0.0,9
2021-08-31,1446.6000000000001,0.0,9
2021-09-01,1446.6000000000001,0.0,9
2021-09-02,1446.6000000000001,0.0,9
2021-09-03,1663.6000000000001,0.0,10
2021-09-04,1612.6000000000001,0.0,9
2021-09-05,1612.6000000000001,0.0,9
2021-09-06,2043.3000000000002,0.0,11
2021-09-07,2180.6,0.0,12
2021-09-08,2043.3000000000002,0.0,11
2021-09-09,2043.3000000000002,0.0,11
2021-09-10,2043.3000000000002,0.0,11
2021-09-11,2043.3000000000002,0.0,11
2021-09-12,2043.3000000000002,0.0,11
2021-09-13,2043.3000000000002,0.0,11
2021-09-14,2179.7,0.0,12
2021-09-15,2179.7,0.0,12
2021-09-16,2043.3000000000002,0.0,11
2021-09-17,1826.3000000000002,40.0,18
2021-09-18,732.1,169.89999999999998,34
2021-09-19,505.5,169.8,33
2021-09-20,615.5,165.0,34
2021-09-21,615.5,124.6,33
2021-09-22,5033.4,80.1,29
2021-09-23,1625.4,0.0,8
2021-09-24,1974.4,0.0,9
2021-09-25,1974.4,0.0,9
2021-09-26,1974.4,0.0,9
2021-09-27,2827.8,0.0,11
2021-09-28,2856.0,0.0,11
2021-09-29,2856.0,0.0,11
2021-09-30,2049.9,0.0,10
2021-10-01,1817.8999999999999,0.0,9
2021-10-02,1991.0,0.0,11
2021-10-03,945.0,0.1,10
2021-10-04,1531.2,0.0,12
2021-10-05,1387.3000000000002,0.0,11
2021-10-06,1366.3000000000002,0.0,10
2021-10-07,1388.2,0.0,6
2021-10-08,1413.2,8.399999999999999,11
2021-10-09,1428.9,7.1,8
2021-10-10,2931.1000000000004,7.1,11
2021-10-11,2931.1000000000004,7.1,11
2021-10-12,2931.1000000000004,0.0,11
2021-10-13,2931.1000000000004,0.0,11
2021-10-14,2971.1000000000004,0.0,12
2021-10-15,2971.1000000000004,0.0,12
2021-10-16,2961.0999999999995,0.0,11
2021-10-17,315.7,0.0,6
2021-10-18,807.0,0.0,9
2021-10-19,1039.0,0.0,10
2021-10-20,1268.8,0.0,12
2021-10-21,1268.8,0.0,12
2021-10-22,1036.8,0.0,11
2021-10-23,922.8,0.0,10
2021-10-24,922.8,0.0,10
2021-10-25,934.0,0.0,11
2021-10-26,934.0,146.2,13
2021-10-27,1017.8,179.2,15
2021-10-28,1017.8,212.0,17
2021-10-29,846.0,200.2,14
2021-10-30,431.5,54.0,10
2021-10-31,431.5,54.0,10
2021-11-01,472.0,188.6,12
2021-11-02,1063.6,230.6,17
2021-11-03,483.20000000000005,230.6,14
2021-11-04,447.7,230.6,14
2021-11-05,431.3,96.0,11
2021-11-06,431.3,96.0,11
2021-11-07,431.3,96.0,11
2021-11-08,680.9000000000001,96.0,13
2021-11-09,872.4,98.0,14
2021-11-10,640.4,96.0,13
2021-11-11,640.4,96.0,12
2021-11-12,640.4,96.0,12
2021-11-13,640.4,54.0,11
2021-11-14,640.4,54.0,11
2021-11-15,775.9,54.0,13
2021-11-16,775.9,54.5,14
2021-11-17,775.9,33.0,12
2021-11-18,775.9,33.0,13
2021-11-19,775.9,187.0,14
2021-11-20,775.9,187.0,14
2021-11-21,775.9,187.1,15
2021-11-22,899.4,187.0,18
2021-11-23,710.8,187.0,17
2021-11-24,710.8,187.0,17
2021-11-25,710.8,187.0,17
2021-11-26,710.8,187.0,16
2021-11-27,420.0,187.2,14
2021-11-28,420.0,187.0,13
2021-11-29,420.0,187.0,13
2021-11-30,420.0,187.0,13
2021-12-01,420.0,418.0,16
2021-12-02,420.0,292.0,15
2021-12-03,420.0,292.0,15
2021-12-04,420.0,187.0,13
2021-12-05,420.0,187.0,13
2021-12-06,420.0,187.0,13
2021-12-07,284.5,187.0,11
2021-12-08,284.5,188.4,13
2021-12-09,284.5,33.0,9
2021-12-10,284.5,33.0,9
2021-12-11,284.5,33.0,9
2021-12-12,284.5,33.0,9
2021-12-13,284.5,33.0,9
2021-12-14,284.5,33.0,9
2021-12-15,284.5,33.0,9
2021-12-16,255.5,33.0,8
2021-12-17,255.5,33.0,8
2021-12-18,115.5,0.0,5
2021-12-19,115.5,0.0,5
2021-12-20,115.5,0.0,5
2021-12-21,115.5,0.0,5
2021-12-22,115.5,0.0,5
2021-12-23,115.5,0.0,5
2021-12-24,115.5,0.0,5
2021-12-25,115.5,0.0,5
2021-12-26,115.5,0.0,5
2021-12-27,115.5,0.0,5
2021-12-28,115.5,0.0,5
2021-12-29,115.5,0.0,5
2021-12-30,115.5,0.0,5
2021-12-31,115.5,0.0,5
2022-01-01,156.0,0.0,6
2022-01-02,156.0,0.0,6
2022-01-03,305.5,0.0,8
2022-01-04,340.9,0.0,9
2022-01-05,340.9,0.0,9
2022-01-06,340.9,0.0,9
2022-01-07,340.9,0.0,9
2022-01-08,305.5,0.0,8
2022-01-09,305.5,0.0,8
2022-01-10,305.5,0.0,8
2022-01-11,334.5,0.0,9
2022-01-12,305.5,0.0,8
2022-01-13,305.5,0.0,8
2022-01-14,305.5,0.0,8
2022-01-15,305.5,0.0,8
2022-01-16,307.5,0.0,9
2022-01-17,512.7,0.0,9
2022-01-18,512.7,0.0,9
2022-01-19,512.7,0.0,9
2022-01-20,512.7,0.0,9
2022-01-21,514.7,0.0,10
2022-01-22,512.7,0.0,9
2022-01-23,512.7,0.0,9
2022-01-24,512.7,0.0,9
2022-01-25,512.7,0.0,9
2022-01-26,643.7,0.0,10
2022-01-27,643.7,0.0,10
2022-01-28,643.7,0.0,10
2022-01-29,512.7,0.0,9
2022-01-30,512.7,0.0,9
2022-01-31,512.7,0.0,9
2022-02-01,514.7,0.0,10
2022-02-02,512.7,0.0,9
2022-02-03,512.7,0.0,9
2022-02-04,512.7,0.0,9
2022-02-05,514.7,0.0,10
2022-02-06,512.7,0.0,9
2022-02-07,514.7,0.0,10
2022-02-08,517.1,0.0,11
2022-02-09,512.7,0.0,9
2022-02-10,512.7,0.0,9
2022-02-11,512.7,0.0,9
2022-02-12,512.7,0.0,9
2022-02-13,512.7,0.0,9
2022-02-14,512.7,0.0,9
2022-02-15,512.7,0.0,9
2022-02-16,512.7,0.0,9
2022-02-17,602.1,0.0,9
2022-02-18,451.7,0.0,8
2022-02-19,451.7,0.0,8
2022-02-20,451.7,0.0,8
2022-02-21,451.7,0.0,8
2022-02-22,451.7,0.0,8
2022-02-23,451.7,0.0,9
2022-02-24,451.7,0.0,8
2022-02-25,451.7,0.0,8
2022-02-26,451.7,0.0,8
2022-02-27,451.7,0.0,8
2022-02-28,451.7,0.0,8
2022-03-01,451.7,0.0,8
2022-03-02,451.7,0.0,8
2022-03-03,451.7,0.0,8
2022-03-04,451.7,0.0,8
2022-03-05,451.7,0.0,8
2022-03-06,451.7,0.0,8
2022-03-07,464.1,0.0,9
2022-03-08,464.1,0.0,9
2022-03-09,464.1,0.0,9
2022-03-10,464.1,0.0,9
2022-03-11,464.1,0.0,10
2022-03-12,464.1,0.0,10
2022-03-13,451.7,0.0,9
2022-03-14,464.1,0.0,10
2022-03-15,464.1,0.4,12
2022-03-16,464.1,0.0,10
2022-03-17,473.09999999999997,0.0,12
2022-03-18,432.4,0.0,11
2022-03-19,432.4,0.0,11
2022-03-20,420.0,0.0,10
2022-03-21,420.0,0.0,10
2022-03-22,765.6,0.0,12
2022-03-23,765.6,0.0,12
2022-03-24,477.6,0.0,11
2022-03-25,477.6,0.0,11
2022-03-26,477.6,0.0,11
2022-03-27,477.6,0.0,11
2022-03-28,477.6,0.0,11
2022-03-29,477.6,0.0,11
2022-03-30,477.6,0.0,11
2022-03-31,477.6,0.0,11
2022-04-01,260.4,0.0,11
2022-04-02,154.7,0.0,8
2022-04-03,154.7,0.0,8
2022-04-04,1375.3,0.1,19
2022-04-05,1375.3,0.0,18
2022-04-06,1375.3,0.0,18
2022-04-07,1552.7,0.0,19
2022-04-08,1232.0,0.0,18
2022-04-09,1232.0,0.0,18
2022-04-10,1232.0,0.0,18
2022-04-11,1991.7999999999997,0.0,26
2022-04-12,1741.6,0.0,25
2022-04-13,1432.1,0.0,21
2022-04-14,1303.0,0.0,20
2022-04-15,1160.0,0.0,18
2022-04-16,1160.0,0.0,18
2022-04-17,1160.0,0.0,18
2022-04-18,1251.3999999999999,0.0,19
2022-04-19,1135.9999999999998,0.0,19
2022-04-20,1149.4,0.0,20
2022-04-21,1149.4,0.0,20
2022-04-22,1135.9999999999998,0.0,19
2022-04-23,1044.6,0.0,18
2022-04-24,1044.6,0.0,18
2022-04-25,1957.6,0.0,22
2022-04-26,2052.3999999999996,0.0,23
2022-04-27,2016.1,0.0,22
2022-04-28,1921.2999999999997,0.0,21
2022-04-29,1921.2999999999997,0.0,21
2022-04-30,573.4999999999999,0.0,13
2022-05-01,573.4999999999999,0.0,13
2022-05-02,1751.6,0.0,19
2022-05-03,1697.8,0.0,18
2022-05-04,1697.8,0.0,18
2022-05-05,1697.8,0.0,18
2022-05-06,1079.6,369.7,18
2022-05-07,1079.6,0.0,17
2022-05-08,1079.6,0.0,17
2022-05-09,1253.3999999999999,0.0,20
2022-05-10,1215.1,0.0,19
2022-05-11,1215.1,0.0,19
2022-05-12,1324.9999999999998,0.0,21
2022-05-13,858.3,137.7,18
2022-05-14,856.0,249.5,19
2022-05-15,766.0,441.09999999999997,20
2022-05-16,1002.1,520.9,25
2022-05-17,768.0,425.09999999999997,23
2022-05-18,793.6,137.7,19
2022-05-19,793.6,0.0,17
2022-05-20,722.4999999999999,0.0,16
2022-05-21,242.2,0.0,10
2022-05-22,199.8,0.0,9
2022-05-23,199.8,45.5,10
2022-05-24,199.8,45.5,10
2022-05-25,137.8,221.70000000000002,9
2022-05-26,137.8,221.70000000000002,12
2022-05-27,137.8,221.70000000000002,12
2022-05-28,137.8,0.0,11
2022-05-29,137.8,0.0,11
2022-05-30,302.8,0.0,13
2022-05-31,302.8,7.1,14
2022-06-01,536.4,85.1,17
2022-06-02,536.4,85.1,17
2022-06-03,305.4,19.1,15
2022-06-04,305.4,19.1,15
2022-06-05,305.4,19.1,15
2022-06-06,305.4,19.1,15
2022-06-07,337.2,19.400000000000002,17
2022-06-08,337.2,7.1,15
2022-06-09,337.2,36.2,17
2022-06-10,867.5999999999999,36.2,18
2022-06-11,670.8,36.2,15
2022-06-12,670.8,36.2,15
2022-06-13,1261.3999999999999,36.2,19
2022-06-14,1261.3999999999999,36.2,19
2022-06-15,1261.3999999999999,36.2,19
2022-06-16,1261.3999999999999,36.2,19
2022-06-17,1266.8,36.2,21
2022-06-18,1266.8,352.6,22
2022-06-19,1266.8,352.6,22
2022-06-20,1926.2,352.6,29
2022-06-21,1390.3999999999999,71.6,26
2022-06-22,1169.9999999999998,71.6,27
2022-06-23,1169.9999999999998,71.6,27
2022-06-24,964.2,59.0,24
2022-06-25,932.4,59.0,23
2022-06-26,919.3000000000001,59.0,22
2022-06-27,1087.1,59.0,25
2022-06-28,1132.1,59.0,25
2022-06-29,1511.3999999999999,59.0,23
2022-06-30,1445.4,59.0,22
2022-07-01,904.6999999999999,59.0,18
2022-07-02,853.5999999999999,59.0,17
2022-07-03,853.5999999999999,59.0,17
2022-07-04,1318.1,59.0,20
2022-07-05,1420.1,59.0,23
2022-07-06,746.9999999999999,59.0,18
2022-07-07,746.9999999999999,59.0,18
2022-07-08,746.9999999999999,59.0,18
2022-07-09,607.1999999999999,59.0,17
2022-07-10,483.0,59.0,16
2022-07-11,507.7,59.0,17
2022-07-12,507.70000000000005,59.0,16
2022-07-13,507.70000000000005,59.0,16
2022-07-14,507.70000000000005,59.0,16
2022-07-15,507.70000000000005,59.0,16
2022-07-16,483.0,59.0,15
2022-07-17,483.0,59.0,15
2022-07-18,520.2,59.0,17
2022-07-19,520.2,59.0,15
2022-07-20,666.3999999999999,92.8,17
2022-07-21,666.3999999999999,92.8,17
2022-07-22,666.3999999999999,92.8,17
2022-07-23,288.9,92.8,13
2022-07-24,288.9,92.8,13
2022-07-25,288.9,126.89999999999999,16
2022-07-26,447.6,126.8,18
2022-07-27,307.59999999999997,92.8,16
2022-07-28,876.3,92.8,16
2022-07-29,288.9,92.8,13
2022-07-30,288.9,92.8,13
2022-07-31,288.9,92.8,13
2022-08-01,409.3,92.8,15
2022-08-02,555.5,92.8,17
2022-08-03,466.3,92.8,16
2022-08-04,409.3,92.8,15
2022-08-05,566.3,92.8,17
2022-08-06,409.3,92.8,15
2022-08-07,409.3,92.8,15
2022-08-08,661.8999999999999,92.8,18
2022-08-09,661.8999999999999,92.8,18
2022-08-10,661.8999999999999,92.8,18
2022-08-11,661.8999999999999,92.8,18
2022-08-12,661.8999999999999,92.8,18
2022-08-13,515.7,92.8,16
2022-08-14,515.7,92.8,16
2022-08-15,933.3,92.8,21
2022-08-16,933.3,92.8,21
2022-08-17,933.3,126.39999999999999,22
2022-08-18,933.3,92.8,20
2022-08-19,933.3,92.8,20
2022-08-20,933.3,92.8,20
2022-08-21,933.3,92.8,20
2022-08-22,940.4999999999999,92.8,21
2022-08-23,933.3,92.8,20
2022-08-24,978.3000000000001,92.8,22
2022-08-25,961.3,92.9,22
2022-08-26,787.0999999999999,59.0,17
2022-08-27,534.5,59.0,14
2022-08-28,654.6999999999999,59.0,14
2022-08-29,690.5,59.0,15
2022-08-30,879.8999999999999,59.9,18
2022-08-31,844.0999999999999,59.0,15
2022-09-01,844.0999999999999,59.0,15
2022-09-02,916.0999999999999,59.0,16
2022-09-03,916.0999999999999,42.5,15
2022-09-04,916.0999999999999,42.5,15
2022-09-05,1763.2,42.5,18
2022-09-06,1598.2,42.5,16
2022-09-07,1714.0,42.5,17
2022-09-08,1524.6000000000001,42.5,16
2022-09-09,2378.0,42.5,18
2022-09-10,2378.0,42.5,18
2022-09-11,2378.0,42.5,17
2022-09-12,3272.8,42.5,19
2022-09-13,2626.6000000000004,42.5,17
2022-09-14,2654.1000000000004,42.5,16
2022-09-15,2654.1000000000004,42.5,16
2022-09-16,2654.1000000000004,172.3,18
2022-09-17,2427.5,136.9,16
2022-09-18,2427.5,136.9,16
2022-09-19,2427.5,136.9,16
2022-09-20,2427.5,136.9,16
2022-09-21,4521.299999999999,136.9,21
2022-09-22,2427.5,136.9,16
2022-09-23,2427.5,136.9,16
2022-09-24,1502.1,136.9,13
2022-09-25,626.9,136.9,12
2022-09-26,1618.3000000000002,136.9,16
2022-09-27,1822.3000000000002,42.5,16
2022-09-28,1862.6000000000001,42.5,17
2022-09-29,1852.5,42.5,17
2022-09-30,1822.3000000000002,42.5,17
2022-10-01,1382.7,42.5,13
2022-10-02,1012.1999999999999,42.5,11
2022-10-03,1012.1999999999999,42.5,11
2022-10-04,1480.3,42.5,14
2022-10-05,1480.3,42.5,13
2022-10-06,1351.2,42.5,12
2022-10-07,1462.1000000000001,42.5,13
2022-10-08,763.3,42.5,11
2022-10-09,4311.4,42.5,19
2022-10-10,5622.099999999999,84.5,30
2022-10-11,5620.900000000001,84.5,30
2022-10-12,5620.9,84.5,29
2022-10-13,5510.0,84.5,28
2022-10-14,5510.0,84.5,28
2022-10-15,5510.0,84.5,28
2022-10-16,2627.9,84.5,21
2022-10-17,2722.7000000000003,84.5,22
2022-10-18,1527.8999999999999,84.5,26
2022-10-19,1462.2,170.9,21
2022-10-20,2020.5000000000002,170.9,24
2022-10-21,1433.1000000000001,170.9,20
2022-10-22,931.0999999999999,170.9,19
2022-10-23,861.9999999999999,171.20000000000002,19
2022-10-24,982.1999999999999,170.9,19
2022-10-25,982.1999999999999,170.9,19
2022-10-26,785.1999999999999,170.9,18
2022-10-27,785.1999999999999,519.9,20
2022-10-28,785.1999999999999,519.9,19
2022-10-29,538.6,170.9,16
2022-10-30,538.6,226.5,18
2022-10-31,538.6,226.5,18
2022-11-01,918.1,204.5,19
2022-11-02,1050.3,204.5,22
2022-11-03,1110.3000000000002,170.9,21
2022-11-04,1110.3000000000002,170.9,21
2022-11-05,520.9,170.9,16
2022-11-06,520.9,170.9,16
2022-11-07,842.8000000000001,170.9,20
2022-11-08,759.3,84.5,17
2022-11-09,2542.5,84.5,20
2022-11-10,1377.5,84.5,18
2022-11-11,759.3,84.5,17
2022-11-12,759.3,84.5,17
2022-11-13,759.3,84.5,17
2022-11-14,759.3,86.8,21
2022-11-15,771.9,84.5,18
2022-11-16,773.0999999999999,84.5,19
2022-11-17,759.3,84.5,17
2022-11-18,759.3,84.5,17
2022-11-19,678.6999999999999,84.69999999999999,17
2022-11-20,678.6999999999999,86.60000000000001,19
2022-11-21,953.8000000000001,84.5,18
2022-11-22,628.4,126.5,18
2022-11-23,611.1999999999999,126.5,17
2022-11-24,611.1999999999999,84.5,16
2022-11-25,611.1999999999999,84.7,17
2022-11-26,558.5,84.5,15
2022-11-27,558.5,84.5,15
2022-11-28,613.2,84.5,17
2022-11-29,633.1999999999999,84.6,19
2022-11-30,713.0,84.5,16
2022-12-01,457.5,86.3,21
2022-12-02,427.5,84.5,14
2022-12-03,346.9,84.5,13
2022-12-04,346.9,86.0,17
2022-12-05,346.9,84.5,13
2022-12-06,276.0,84.5,13
2022-12-07,276.0,84.5,13
2022-12-08,276.0,84.5,13
2022-12-09,226.5,84.5,12
2022-12-10,226.5,84.5,12
2022-12-11,226.5,84.5,12
2022-12-12,226.5,84.8,13
2022-12-13,565.5,500.20000000000005,15
2022-12-14,226.5,500.8,16
2022-12-15,566.7,500.70000000000005,17
2022-12-16,565.5,84.5,13
2022-12-17,61.5,84.5,9
2022-12-18,61.5,84.5,9
2022-12-19,61.5,84.5,9
2022-12-20,61.5,84.5,9
2022-12-21,61.5,85.39999999999999,11
2022-12-22,115.6,84.5,10
2022-12-23,552.6,84.5,12
2022-12-24,115.6,49.1,8
2022-12-25,115.6,49.1,8
2022-12-26,115.6,49.1,8
2022-12-27,115.6,49.1,8
2022-12-28,115.6,49.1,8
2022-12-29,115.6,49.1,8
2022-12-30,115.6,49.1,8
2022-12-31,115.6,49.1,8
2023-01-01,156.1,49.1,9
2023-01-02,279.29999999999995,49.1,11
2023-01-03,278.1,49.1,10
2023-01-04,278.1,49.1,10
2023-01-05,278.1,49.1,10
2023-01-06,278.1,49.1,10
2023-01-07,278.1,49.1,10
2023-01-08,278.1,49.1,10
2023-01-09,622.9,49.1,12
2023-01-10,622.9,49.2,12
2023-01-11,622.9,49.1,11
2023-01-12,1210.3,49.1,14
2023-01-13,280.1,49.1,11
2023-01-14,279.29999999999995,49.1,11
2023-01-15,278.1,49.1,10
2023-01-16,461.20000000000005,161.9,13
2023-01-17,489.20000000000005,49.1,13
2023-01-18,461.20000000000005,49.1,12
2023-01-19,461.20000000000005,49.1,12
2023-01-20,461.20000000000005,49.1,13
2023-01-21,407.1,49.1,11
2023-01-22,407.1,49.1,11
2023-01-23,455.1,49.1,13
2023-01-24,449.1,49.1,12
2023-01-25,471.5,42.0,13
2023-01-26,449.1,42.5,13
2023-01-27,450.3,42.0,13
2023-01-28,449.1,42.0,11
2023-01-29,449.1,42.0,11
2023-01-30,449.1,42.0,11
2023-01-31,407.1,917.2,11
2023-02-01,407.1,917.2,12
2023-02-02,407.1,917.2,11
2023-02-03,407.1,1262.0,12
2023-02-04,407.1,386.8,11
2023-02-05,407.1,386.8,11
2023-02-06,407.1,386.8,11
2023-02-07,407.1,386.8,11
2023-02-08,407.1,386.8,12
2023-02-09,407.1,386.8,11
2023-02-10,423.2,386.8,14
2023-02-11,317.9,386.8,13
2023-02-12,240.1,386.8,12
2023-02-13,240.1,386.8,12
2023-02-14,240.1,387.8,14
2023-02-15,241.3,386.8,13
2023-02-16,240.1,386.8,12
2023-02-17,240.1,386.8,12
2023-02-18,240.1,386.8,12
2023-02-19,240.1,386.8,12
2023-02-20,240.1,386.8,12
2023-02-21,240.1,386.8,13
2023-02-22,240.1,552.0,15
2023-02-23,240.1,386.8,12
2023-02-24,240.1,386.8,12
2023-02-25,240.1,386.8,12
2023-02-26,240.1,386.8,12
2023-02-27,240.1,386.8,12
2023-02-28,264.8,386.8,13
2023-03-01,264.8,386.8,13
2023-03-02,264.8,386.8,13
2023-03-03,264.8,42.0,12
2023-03-04,264.8,42.0,12
2023-03-05,264.8,42.0,12
2023-03-06,264.8,42.0,12
2023-03-07,264.8,42.0,12
2023-03-08,266.8,44.1,16
2023-03-09,264.8,42.0,12
2023-03-10,264.8,42.0,12
2023-03-11,266.0,42.0,13
2023-03-12,266.0,42.0,13
2023-03-13,279.0,42.0,13
2023-03-14,279.0,42.0,13
2023-03-15,279.0,42.0,13
2023-03-16,254.3,42.0,12
2023-03-17,286.5,42.0,15
2023-03-18,270.4,42.0,12
2023-03-19,256.2,42.0,11
2023-03-20,270.4,42.0,13
2023-03-21,270.4,42.0,13
2023-03-22,270.4,42.0,13
2023-03-23,270.4,42.0,13
2023-03-24,270.4,42.0,13
2023-03-25,270.4,42.0,13
2023-03-26,256.2,42.0,12
2023-03-27,285.79999999999995,42.0,13
2023-03-28,285.79999999999995,42.0,13
2023-03-29,285.79999999999995,42.0,13
2023-03-30,340.79999999999995,42.0,15
2023-03-31,404.3,42.0,14
2023-04-01,201.60000000000002,42.0,15
2023-04-02,120.6,42.0,12
2023-04-03,237.09999999999997,42.0,15
2023-04-04,211.59999999999997,42.0,15
2023-04-05,208.39999999999998,42.0,12
2023-04-06,208.39999999999998,42.0,12
2023-04-07,178.79999999999998,42.0,11
2023-04-08,179.99999999999997,42.0,11
2023-04-09,178.8,42.2,11
2023-04-10,178.8,42.0,10
2023-04-11,178.8,42.0,10
2023-04-12,262.79999999999995,42.0,11
2023-04-13,1494.3,42.0,18
2023-04-14,178.8,349.0,11
2023-04-15,178.8,349.0,10
2023-04-16,178.8,349.0,10
2023-04-17,1755.1000000000001,349.0,18
2023-04-18,1803.7,349.0,18
2023-04-19,1803.7,349.0,18
2023-04-20,1701.2999999999997,349.0,17
2023-04-21,1701.2999999999997,349.0,17
2023-04-22,1449.7999999999997,349.0,15
2023-04-23,1449.7999999999997,349.0,15
2023-04-24,1681.7999999999997,391.5,18
2023-04-25,2868.0,391.5,23
2023-04-26,2868.0,391.5,23
2023-04-27,2868.0,391.5,23
2023-04-28,831.6,554.0,18
2023-04-29,634.6,518.6,16
2023-04-30,634.6,518.6,16
2023-05-01,1583.3999999999999,518.6,18
2023-05-02,1696.6,518.6,19
2023-05-03,1696.6,518.6,19
2023-05-04,1394.8,169.6,16
2023-05-05,1381.8,239.6,16
2023-05-06,1381.8,239.6,15
2023-05-07,1512.8,239.6,16
2023-05-08,1694.8999999999999,239.6,18
2023-05-09,1769.8999999999999,239.6,18
2023-05-10,1768.5,239.6,16
2023-05-11,1768.5,239.6,16
2023-05-12,1562.5,240.4,16
2023-05-13,1562.5,239.6,15
2023-05-14,625.1,281.6,14
2023-05-15,625.1,281.8,16
2023-05-16,625.1,281.8,16
2023-05-17,718.0999999999999,281.6,15
2023-05-18,625.0999999999999,239.6,14
2023-05-19,532.0999999999999,239.6,13
2023-05-20,439.09999999999997,239.6,12
2023-05-21,439.09999999999997,239.6,12
2023-05-22,482.59999999999997,239.6,13
2023-05-23,482.59999999999997,239.6,13
2023-05-24,482.59999999999997,239.6,13
2023-05-25,482.59999999999997,239.6,13
2023-05-26,482.59999999999997,239.6,13
2023-05-27,227.39999999999998,117.6,9
2023-05-28,227.39999999999998,117.6,9
2023-05-29,227.39999999999998,117.6,9
2023-05-30,320.40000000000003,117.6,10
2023-05-31,320.40000000000003,117.6,10
2023-06-01,320.40000000000003,117.6,10
2023-06-02,320.40000000000003,117.6,10
2023-06-03,320.40000000000003,117.6,10
2023-06-04,320.40000000000003,117.6,10
2023-06-05,539.5999999999999,117.6,13
2023-06-06,539.5999999999999,117.6,13
2023-06-07,539.5999999999999,117.6,13
2023-06-08,539.5999999999999,117.89999999999999,17
2023-06-09,539.5999999999999,117.6,13
2023-06-10,539.5999999999999,117.6,13
2023-06-11,415.4,117.6,12
2023-06-12,541.0,118.19999999999999,15
2023-06-13,797.4,117.6,15
2023-06-14,797.4,117.6,15
2023-06-15,797.4,117.6,15
2023-06-16,797.4,110.5,14
2023-06-17,797.4,110.5,14
2023-06-18,797.4,110.5,14
2023-06-19,920.5,110.5,15
2023-06-20,1208.4999999999998,110.5,16
2023-06-21,1208.4999999999998,110.5,16
2023-06-22,689.1,110.5,15
2023-06-23,664.1,148.5,15
2023-06-24,664.1,148.5,15
2023-06-25,656.1,148.5,14
2023-06-26,656.1,148.5,14
2023-06-27,581.5999999999999,148.5,13
2023-06-28,458.5,148.5,12
2023-06-29,458.5,148.5,12
2023-06-30,458.5,148.5,12
2023-07-01,407.40000000000003,148.5,11
2023-07-02,407.40000000000003,148.5,11
2023-07-03,546.4,148.5,12
2023-07-04,546.4,148.5,13
2023-07-05,546.4,148.5,13
2023-07-06,546.4,183.9,14
2023-07-07,546.4,183.9,14
2023-07-08,546.4,75.9,11
2023-07-09,546.4,75.9,11
2023-07-10,606.4,76.8,15
2023-07-11,546.4,75.9,11
2023-07-12,626.4,75.9,12
2023-07-13,626.4,75.9,14
2023-07-14,546.4,40.5,10
2023-07-15,407.40000000000003,40.5,9
2023-07-16,407.40000000000003,40.5,9
2023-07-17,510.0,133.5,12
2023-07-18,510.0,167.5,13
2023-07-19,510.0,167.5,13
2023-07-20,510.0,167.5,13
2023-07-21,510.0,74.5,12
2023-07-22,510.0,74.5,12
2023-07-23,510.0,74.5,12
2023-07-24,510.0,74.5,12
2023-07-25,510.0,74.5,12
2023-07-26,510.0,74.5,13
2023-07-27,510.0,74.5,12
2023-07-28,494.4,74.5,11
2023-07-29,494.4,74.5,11
2023-07-30,494.4,74.5,11
2023-07-31,494.4,74.5,11
2023-08-01,656.5999999999999,74.5,15
2023-08-02,653.4,74.5,14
2023-08-03,653.4,74.5,12
2023-08-04,653.4,74.5,12
2023-08-05,653.4,74.5,12
2023-08-06,653.4,74.5,12
2023-08-07,1235.3999999999999,74.5,14
2023-08-08,1235.3999999999999,74.5,15
2023-08-09,1235.3999999999999,74.5,15
2023-08-10,1235.3999999999999,74.5,15
2023-08-11,1086.3999999999999,74.5,14
2023-08-12,901.4,74.5,14
2023-08-13,811.8,74.5,13
2023-08-14,1154.7,74.5,16
2023-08-15,1154.7,923.1,19
2023-08-16,1154.7,954.0,21
2023-08-17,1154.7,874.9,17
2023-08-18,1154.7,998.9,19
2023-08-19,1154.7,266.5,18
2023-08-20,1154.7,232.5,17
2023-08-21,1261.1000000000001,266.5,19
2023-08-22,1337.0000000000002,198.5,19
2023-08-23,1528.8999999999999,198.5,21
2023-08-24,1528.8999999999999,198.5,20
2023-08-25,1453.0000000000002,232.5,20
2023-08-26,803.1,232.5,16
2023-08-27,803.1,232.5,16
2023-08-28,1211.7,232.5,16
2023-08-29,1211.7,198.5,15
2023-08-30,1183.7,198.5,14
2023-08-31,1183.7,198.5,15
2023-09-01,1218.3999999999999,198.5,16
2023-09-02,1218.3999999999999,198.5,16
2023-09-03,1218.3999999999999,198.5,16
2023-09-04,2028.5,198.5,20
2023-09-05,2028.5,198.5,20
2023-09-06,2028.5,198.5,19
2023-09-07,2028.5,198.5,19
2023-09-08,2367.5,198.5,20
2023-09-09,2367.5,198.5,20
2023-09-10,2367.5,198.5,20
2023-09-11,2793.5,198.5,21
2023-09-12,2793.5,198.5,21
2023-09-13,2793.5,198.5,21
2023-09-14,2793.5,198.5,21
2023-09-15,2793.5,74.5,19
2023-09-16,2793.5,74.5,19
2023-09-17,2793.5,74.5,19
2023-09-18,2812.7,74.5,20
2023-09-19,2900.7,161.5,22
2023-09-20,3283.5,161.5,25
2023-09-21,2274.5,161.5,18
2023-09-22,1970.8999999999999,161.5,20
2023-09-23,1326.8,74.5,16
2023-09-24,1414.8,74.5,17
2023-09-25,1434.0,74.5,18
2023-09-26,1346.0,74.5,17
2023-09-27,1326.8,74.5,16
2023-09-28,1326.8,74.5,15
2023-09-29,1326.8,74.5,15
2023-09-30,1326.8,74.5,15
2023-10-01,947.0999999999999,74.5,13
2023-10-02,2167.2000000000003,74.5,18
2023-10-03,2167.2000000000003,74.5,18
2023-10-04,2964.2000000000003,74.5,21
2023-10-05,2913.2,74.5,18
2023-10-06,2296.2,74.5,17
2023-10-07,2296.2,74.5,17
2023-10-08,2296.2,74.5,17
2023-10-09,3092.3999999999996,74.5,20
2023-10-10,3297.2,74.5,23
2023-10-11,3194.8,74.5,23
2023-10-12,2307.3999999999996,74.5,20
2023-10-13,2497.4,74.5,21
2023-10-14,1650.9999999999998,74.5,28
2023-10-15,1285.8,128.89999999999998,27
2023-10-16,1375.4,129.0,28
2023-10-17,967.0,128.8,25
2023-10-18,1393.9999999999998,128.8,26
2023-10-19,957.0,128.8,24
2023-10-20,705.7,88.3,20
2023-10-21,688.0000000000001,88.3,18
2023-10-22,504.8,88.3,13
2023-10-23,540.2,88.3,14
2023-10-24,720.8,81.2,11
2023-10-25,660.0,81.2,11
2023-10-26,688.8,34.0,11
2023-10-27,363.79999999999995,34.0,7
2023-10-28,363.79999999999995,34.0,7
2023-10-29,363.79999999999995,34.0,7
2023-10-30,363.79999999999995,34.0,8
2023-10-31,363.79999999999995,34.1,8
2023-11-01,404.29999999999995,34.0,8
2023-11-02,404.29999999999995,34.0,8
2023-11-03,664.3,34.0,10
2023-11-04,664.3,34.0,10
2023-11-05,664.3,34.0,10
2023-11-06,982.3000000000001,34.0,13
2023-11-07,941.8000000000001,34.0,12
2023-11-08,949.6,34.0,12
2023-11-09,936.6,34.0,11
2023-11-10,936.6,34.0,11
2023-11-11,936.6,34.0,11
2023-11-12,1831.6,34.0,12
2023-11-13,1831.6,133.5,14
2023-11-14,1831.6,133.5,14
2023-11-15,1561.8,133.5,11
2023-11-16,2115.6,34.0,12
2023-11-17,2115.6,34.0,12
2023-11-18,2495.3,34.0,13
2023-11-19,1476.1,34.0,11
2023-11-20,1516.6,34.0,12
2023-11-21,1263.6,34.0,12
2023-11-22,1229.3000000000002,34.0,12
2023-11-23,1032.0,34.0,10
2023-11-24,1020.2,34.3,11
2023-11-25,639.3,34.0,8
2023-11-26,639.3,34.0,8
2023-11-27,640.5,34.0,11
2023-11-28,639.3,34.0,11
2023-11-29,639.3,34.0,8
2023-11-30,639.3,34.0,8
2023-12-01,641.3,34.0,9
2023-12-02,510.3,34.0,7
2023-12-03,510.3,34.0,7
2023-12-04,539.1,34.0,8
2023-12-05,539.1,34.0,8
2023-12-06,539.1,131.0,10
2023-12-07,539.1,203.8,12
2023-12-08,541.1,106.80000000000001,11
2023-12-09,294.3,106.80000000000001,9
2023-12-10,294.3,106.80000000000001,9
2023-12-11,594.9,137.70000000000002,16
2023-12-12,594.9,137.70000000000002,16
2023-12-13,594.9,137.70000000000002,16
2023-12-14,302.9,137.70000000000002,14
2023-12-15,261.0,122.19999999999999,12
2023-12-16,106.5,106.80000000000001,7
2023-12-17,106.5,106.80000000000001,7
2023-12-18,743.5,106.80000000000001,9
2023-12-19,743.5,106.80000000000001,9
2023-12-20,743.5,106.80000000000001,9
2023-12-21,743.5,106.80000000000001,9
2023-12-22,106.5,106.80000000000001,8
2023-12-23,106.5,106.80000000000001,8
2023-12-24,106.5,106.80000000000001,8
2023-12-25,106.5,106.80000000000001,8
2023-12-26,106.5,106.80000000000001,8
2023-12-27,106.5,106.80000000000001,8
2023-12-28,106.5,106.80000000000001,8
2023-12-29,106.5,106.80000000000001,8
2023-12-30,106.5,106.80000000000001,8
2023-12-31,106.5,106.80000000000001,8
2024-01-01,147.0,106.80000000000001,9
2024-01-02,106.5,106.80000000000001,8
2024-01-03,119.5,106.80000000000001,9
2024-01-04,106.5,106.80000000000001,8
2024-01-05,106.5,106.80000000000001,8
2024-01-06,106.5,106.80000000000001,8
2024-01-07,106.5,106.80000000000001,8
2024-01-08,106.5,106.80000000000001,8
2024-01-09,119.5,106.80000000000001,9
2024-01-10,107.7,230.60000000000002,11
2024-01-11,106.5,230.60000000000002,10
2024-01-12,106.5,230.60000000000002,10
2024-01-13,106.5,106.80000000000001,8
2024-01-14,106.5,106.80000000000001,8
2024-01-15,135.3,106.80000000000001,9
2024-01-16,135.3,106.80000000000001,9
2024-01-17,135.3,106.80000000000001,9
2024-01-18,490.1,106.80000000000001,13
2024-01-19,135.3,106.80000000000001,9
2024-01-20,108.5,106.80000000000001,9
2024-01-21,106.5,106.80000000000001,8
2024-01-22,106.5,106.80000000000001,8
2024-01-23,351.5,106.80000000000001,13
2024-01-24,351.5,106.80000000000001,13
2024-01-25,351.5,106.80000000000001,13
2024-01-26,218.5,106.80000000000001,12
2024-01-27,106.5,106.80000000000001,8
2024-01-28,106.5,106.80000000000001,8
2024-01-29,305.5,106.80000000000001,9
2024-01-30,305.5,106.80000000000001,9
2024-01-31,305.5,106.80000000000001,9
2024-02-01,305.5,34.0,7
2024-02-02,305.5,34.0,7
2024-02-03,106.5,34.0,6
2024-02-04,106.5,34.2,7
2024-02-05,106.5,34.0,6
2024-02-06,153.7,34.0,7
2024-02-07,153.7,34.0,7
2024-02-08,106.5,34.0,6
2024-02-09,106.5,34.0,6
2024-02-10,106.5,34.0,6
2024-02-11,106.5,34.0,6
2024-02-12,106.5,34.0,6
2024-02-13,117.3,39.2,13
2024-02-14,156.2,34.0,7
2024-02-15,106.5,34.0,6
2024-02-16,106.5,34.0,6
2024-02-17,106.5,34.0,6
2024-02-18,106.5,34.0,6
2024-02-19,124.5,34.0,7
2024-02-20,124.5,34.0,7
2024-02-21,632.9000000000001,34.0,12
2024-02-22,124.5,34.0,7
2024-02-23,124.5,35.6,10
2024-02-24,106.5,44.8,12
2024-02-25,106.5,34.0,6
2024-02-26,172.5,34.0,7
2024-02-27,172.5,143.0,8
2024-02-28,172.5,143.0,8
2024-02-29,172.5,143.0,8
2024-03-01,106.5,34.0,6
2024-03-02,106.5,34.0,6
2024-03-03,106.5,34.0,6
2024-03-04,156.7,34.0,8
2024-03-05,186.7,34.0,9
2024-03-06,186.7,34.0,9
2024-03-07,186.7,34.0,9
2024-03-08,156.7,34.0,8
2024-03-09,156.7,34.0,8
2024-03-10,142.5,34.0,7
2024-03-11,309.7,34.0,9
2024-03-12,309.7,34.0,9
2024-03-13,720.5,34.0,12
2024-03-14,720.5,34.0,12
2024-03-15,328.7,34.0,10
2024-03-16,309.7,34.0,9
2024-03-17,295.5,34.0,8
2024-03-18,613.7,34.0,9
2024-03-19,613.7,34.0,9
2024-03-20,613.7,34.0,9
2024-03-21,613.7,34.0,9
2024-03-22,460.7,34.0,8
2024-03-23,142.5,34.0,7
2024-03-24,142.5,34.0,7
2024-03-25,142.5,34.0,7
2024-03-26,106.5,34.0,6
2024-03-27,106.5,34.0,6
2024-03-28,106.5,34.0,6
2024-03-29,106.5,34.0,6
2024-03-30,106.5,34.0,6
2024-03-31,106.5,34.0,6
2024-04-01,160.3,34.0,7
2024-04-02,593.0999999999999,34.0,8
2024-04-03,750.0999999999999,34.0,10
2024-04-04,885.9999999999999,34.0,10
2024-04-05,700.9999999999999,34.0,9
2024-04-06,700.9999999999999,34.0,9
2024-04-07,700.9999999999999,34.0,9
2024-04-08,935.8,34.0,11
2024-04-09,700.9999999999999,34.0,9
2024-04-10,700.9999999999999,34.0,9
2024-04-11,700.9999999999999,34.0,9
2024-04-12,700.9999999999999,34.0,9
2024-04-13,351.7,41.1,8
2024-04-14,351.7,41.1,8
2024-04-15,957.8,41.1,11
2024-04-16,1118.0,41.1,11
2024-04-17,1291.8000000000002,34.0,11
2024-04-18,1644.7999999999997,34.0,14
2024-04-19,920.0,34.0,12
2024-04-20,706.0,34.0,11
2024-04-21,611.6,34.0,10
2024-04-22,687.9000000000001,34.0,12
2024-04-23,687.9000000000001,34.0,12
2024-04-24,594.0,34.0,11
2024-04-25,594.0,34.0,11
2024-04-26,594.0,34.0,11
2024-04-27,594.0,34.0,10
2024-04-28,647.8,34.0,11
2024-04-29,695.2,46.6,12
2024-04-30,695.2,46.6,12
2024-05-01,382.90000000000003,46.6,9
2024-05-02,382.90000000000003,46.6,9
2024-05-03,382.90000000000003,46.6,9
2024-05-04,382.90000000000003,46.6,9
2024-05-05,382.90000000000003,46.6,9
2024-05-06,618.9,46.6,10
2024-05-07,618.9,46.6,10
2024-05-08,382.90000000000003,46.6,9
2024-05-09,382.90000000000003,46.6,9
2024-05-10,382.90000000000003,46.6,9
2024-05-11,382.90000000000003,46.6,9
2024-05-12,382.90000000000003,46.6,9
2024-05-13,713.3,46.6,12
2024-05-14,1727.7,47.7,22
2024-05-15,1705.3999999999999,101.6,15
2024-05-16,1484.4,101.6,14
2024-05-17,500.30000000000007,420.20000000000005,13
2024-05-18,130.2,420.20000000000005,11
2024-05-19,130.2,420.20000000000005,11
2024-05-20,130.2,420.20000000000005,11
2024-05-21,278.0,420.20000000000005,14
2024-05-22,207.60000000000002,420.20000000000005,13
2024-05-23,207.60000000000002,420.20000000000005,13
2024-05-24,183.6,420.20000000000005,15
2024-05-25,182.6,420.20000000000005,12
2024-05-26,182.6,420.20000000000005,12
2024-05-27,361.8,420.20000000000005,15
2024-05-28,361.8,420.20000000000005,15
2024-05-29,268.0,490.6,15
2024-05-30,73.8,172.0,11
2024-05-31,73.8,172.0,11
2024-06-01,73.8,172.0,11
2024-06-02,73.8,172.0,11
2024-06-03,1229.8,172.0,16
2024-06-04,1684.1,172.0,21
2024-06-05,1684.1,172.0,23
2024-06-06,1053.1,138.0,20
2024-06-07,696.0999999999999,67.6,18
2024-06-08,696.0999999999999,67.6,18
2024-06-09,696.0999999999999,67.6,18
2024-06-10,986.1,67.6,23
2024-06-11,986.0999999999999,67.6,25
2024-06-12,1388.5,12.6,22
2024-06-13,951.1999999999999,113.0,19
2024-06-14,852.3,113.0,18
2024-06-15,381.9,113.8,17
2024-06-16,381.9,113.0,16
2024-06-17,381.9,113.0,17
2024-06-18,381.9,113.0,17
2024-06-19,258.79999999999995,113.0,16
2024-06-20,258.79999999999995,173.29999999999998,15
2024-06-21,207.7,173.29999999999998,14
2024-06-22,192.7,173.29999999999998,13
2024-06-23,192.7,173.29999999999998,13
2024-06-24,192.7,173.29999999999998,13
2024-06-25,192.7,173.29999999999998,13
2024-06-26,192.7,173.29999999999998,13
2024-06-27,429.7,173.29999999999998,14
2024-06-28,192.7,173.29999999999998,13
2024-06-29,103.69999999999999,173.29999999999998,12
2024-06-30,103.69999999999999,173.29999999999998,12
2024-07-01,472.8,173.29999999999998,13
2024-07-02,548.6999999999999,322.5,16
2024-07-03,472.8,322.5,15
2024-07-04,549.8,161.79999999999998,15
2024-07-05,549.8,161.79999999999998,15
2024-07-06,549.8,161.79999999999998,15
2024-07-07,549.8,161.79999999999998,15
2024-07-08,549.8,161.79999999999998,15
2024-07-09,549.8,321.79999999999995,16
2024-07-10,549.8,321.79999999999995,16
2024-07-11,549.8,321.79999999999995,16
2024-07-12,358.7,520.8,16
2024-07-13,358.7,371.6,14
2024-07-14,358.7,371.6,14
2024-07-15,358.7,371.6,14
2024-07-16,622.0999999999999,211.6,14
2024-07-17,358.7,211.6,13
2024-07-18,358.7,302.2,14
2024-07-19,358.7,302.2,14
2024-07-20,358.7,302.2,14
2024-07-21,358.7,302.2,14
2024-07-22,358.7,302.2,14
2024-07-23,388.5,302.2,17
2024-07-24,421.59999999999997,302.2,19
2024-07-25,388.5,302.2,17
2024-07-26,358.7,302.2,14
2024-07-27,281.7,302.2,12
2024-07-28,281.7,302.2,12
2024-07-29,281.7,302.2,12
2024-07-30,664.9999999999999,302.2,17
2024-07-31,827.4999999999999,302.2,18
2024-08-01,281.7,663.4,15
2024-08-02,281.7,1205.2,17
2024-08-03,281.7,302.2,13
2024-08-04,281.7,302.2,13
2024-08-05,317.1,663.4,16
2024-08-06,317.1,302.2,14
2024-08-07,139.1,302.2,13
2024-08-08,139.1,302.2,14
2024-08-09,139.1,302.2,13
2024-08-10,139.1,302.2,12
2024-08-11,139.1,302.2,12
2024-08-12,326.6,302.2,15
2024-08-13,326.6,391.0,16
2024-08-14,326.6,391.0,14
2024-08-15,326.6,391.0,14
2024-08-16,139.1,293.4,9
2024-08-17,139.1,199.0,8
2024-08-18,139.1,199.0,8
2024-08-19,252.7,199.0,10
2024-08-20,245.5,199.0,9
2024-08-21,245.5,199.0,9
2024-08-22,245.5,199.0,9
2024-08-23,245.5,199.0,9
2024-08-24,245.5,0.0,8
2024-08-25,245.5,0.0,7
2024-08-26,263.3,0.0,7
2024-08-27,270.4,0.0,8
2024-08-28,263.3,0.0,7
2024-08-29,263.3,269.3,9
2024-08-30,310.1,269.3,9
2024-08-31,185.89999999999998,269.3,8
2024-09-01,412.5,269.3,9
2024-09-02,1062.3999999999999,269.3,13
2024-09-03,1062.3999999999999,269.3,13
2024-09-04,1144.6,186.4,13
2024-09-05,1062.3999999999999,0.0,11
2024-09-06,906.0,0.0,10
2024-09-07,906.0,0.0,10
2024-09-08,906.0,0.0,10
2024-09-09,2106.8999999999996,0.0,18
2024-09-10,2198.8999999999996,0.0,18
2024-09-11,2570.0,0.0,19
2024-09-12,2570.0,0.0,19
2024-09-13,2062.0,0.0,17
2024-09-14,2083.1,0.0,18
2024-09-15,1744.0,0.0,15
2024-09-16,1744.0,0.0,15
2024-09-17,1791.0,0.0,16
2024-09-18,2585.2,0.0,20
2024-09-19,1744.0,0.0,15
2024-09-20,1570.9,0.0,15
2024-09-21,791.1,0.0,9
2024-09-22,1071.2,0.0,10
2024-09-23,1287.8,78.0,17
2024-09-24,1287.8,78.0,17
2024-09-25,1287.8,78.0,17
2024-09-26,1007.0,78.0,15
2024-09-27,1007.0,78.0,15
2024-09-28,805.4000000000001,0.0,9
2024-09-29,488.70000000000005,0.0,8
2024-09-30,488.70000000000005,0.0,8
2024-10-01,406.50000000000006,0.0,7
2024-10-02,352.70000000000005,0.0,6
2024-10-03,352.70000000000005,0.0,6
2024-10-04,352.70000000000005,0.0,6
2024-10-05,600.7,0.0,7
2024-10-06,600.7,0.0,7
2024-10-07,1102.0,0.0,9
2024-10-08,1827.3999999999999,0.0,11
2024-10-09,1880.3999999999999,0.0,12
2024-10-10,1822.3,0.0,11
2024-10-11,1191.3,0.0,10
2024-10-12,911.2,0.0,9
2024-10-13,911.2,0.0,9
2024-10-14,2019.2999999999997,0.0,11
2024-10-15,2544.2999999999997,67.2,17
2024-10-16,2166.0,65.9,14
2024-10-17,2037.2999999999997,65.9,13
2024-10-18,2019.2999999999997,65.9,12
2024-10-19,1144.0,65.9,9
2024-10-20,1232.1999999999998,65.9,11
2024-10-21,2588.2000000000003,65.9,16
2024-10-22,2824.2000000000003,65.9,16
2024-10-23,2824.2000000000003,65.9,16
2024-10-24,2824.2000000000003,65.9,16
2024-10-25,2588.2,65.9,15
2024-10-26,2588.2,65.9,15
2024-10-27,1694.3,65.9,15
2024-10-28,1700.3,65.9,15
2024-10-29,1693.1,65.9,14
2024-10-30,1606.1,65.9,13
2024-10-31,1606.1,65.9,13
2024-11-01,1557.3,0.0,12
2024-11-02,1557.3,0.0,12
2024-11-03,1557.3,0.0,12
2024-11-04,1763.8999999999999,0.0,15
2024-11-05,1705.3999999999999,0.0,13
2024-11-06,1718.3999999999999,0.0,13
2024-11-07,1718.3999999999999,0.0,13
2024-11-08,2505.3999999999996,0.0,13
2024-11-09,2490.3999999999996,0.0,12
2024-11-10,1046.2,0.0,6
2024-11-11,1169.8,0.0,7
2024-11-12,1575.9999999999998,0.0,12
2024-11-13,1264.8,246.7,11
2024-11-14,1200.8,246.7,12
2024-11-15,1169.8,246.7,9
2024-11-16,317.2,246.7,7
2024-11-17,357.7,246.7,8
2024-11-18,1192.1,246.7,10
2024-11-19,1174.1,246.7,9
2024-11-20,1174.1,246.7,9
2024-11-21,1174.1,246.7,9
2024-11-22,1916.5,246.7,12
2024-11-23,1144.1,246.7,10
2024-11-24,781.3,246.7,9
2024-11-25,780.1,246.7,8
2024-11-26,884.4000000000001,246.7,10
2024-11-27,900.4000000000001,404.7,12
2024-11-28,1159.9,0.0,9
2024-11-29,45.5,0.0,4
2024-11-30,45.5,0.0,4
2024-12-01,45.5,0.0,4
2024-12-02,45.5,0.0,4
2024-12-03,358.70000000000005,0.0,6
2024-12-04,358.70000000000005,0.0,6
2024-12-05,45.5,0.0,4
2024-12-06,69.5,23.5,6
2024-12-07,69.5,23.5,6
2024-12-08,69.5,23.5,6
2024-12-09,69.5,23.5,6
2024-12-10,82.5,23.5,7
2024-12-11,69.5,23.5,6
2024-12-12,69.5,131.5,11
2024-12-13,135.7,130.5,8
2024-12-14,69.5,107.0,6
2024-12-15,69.5,107.0,6
2024-12-16,127.8,119.0,10
2024-12-17,169.79999999999998,158.0,12
2024-12-18,99.5,146.0,8
2024-12-19,45.5,0.0,4
2024-12-20,45.5,0.0,4
2024-12-21,45.5,0.0,4
2024-12-22,45.5,0.0,4
2024-12-23,45.5,0.0,5
2024-12-24,45.5,0.0,4
2024-12-25,45.5,0.0,4
2024-12-26,45.5,0.0,4
2024-12-27,45.5,0.0,4
2024-12-28,45.5,0.0,4
2024-12-29,45.5,0.0,4
2024-12-30,45.5,0.0,4
2024-12-31,45.5,0.0,4
